Admin2,9/19/20
Autauga,1673
Baldwin,5047
Barbour,830
Bibb,628
Blount,1542
Bullock,585
Butler,908
Calhoun,3320
Chambers,1123
Cherokee,555
Chilton,1471
Choctaw,344
Clarke,1049
Clay,536
Cleburne,320
Coffee,1270
Colbert,1593
Conecuh,523
Coosa,161
Covington,1302
Crenshaw,522
Cullman,1830
Dale,1327
Dallas,1736
DeKalb,2346
Elmore,2519
Escambia,1557
Etowah,3334
Fayette,418
Franklin,1741
Geneva,563
Greene,300
Hale,612
Henry,467
Houston,2699
Jackson,1494
Jefferson,18911
Lamar,345
Lauderdale,1641
Lawrence,582
Lee,5705
Limestone,1973
Lowndes,645
Macon,476
Madison,7507
Marengo,699
Marion,937
Marshall,3821
Mobile,13039
Monroe,575
Montgomery,8628
Morgan,3181
Out of AL,0
Perry,537
Pickens,631
Pike,1151
Randolph,607
Russell,1711
Shelby,5645
St. Clair,2213
Sumter,418
Talladega,2050
Tallapoosa,1131
Tuscaloosa,7180
Unassigned,0
Walker,2207
Washington,544
Wilcox,530
Winston,699
Aleutians East,2
Aleutians West,7
Anchorage,3803
Bethel,90
Bristol Bay,10
Denali,2
Dillingham,7
Fairbanks North Star,946
Haines,5
Hoonah-Angoon,0
Juneau,262
Kenai Peninsula,435
Ketchikan Gateway,49
Kodiak Island,20
Kusilvak,11
Lake and Peninsula,0
Matanuska-Susitna,575
Nome,51
North Slope,83
Northwest Arctic,82
Out of AK,0
Petersburg,7
Prince of Wales-Hyder,30
Sitka,42
Skagway,0
Southeast Fairbanks,22
Unassigned,1
Valdez-Cordova,75
Wrangell,13
Yakutat,21
Yukon-Koyukuk,78
,0
Apache,3440
Cochise,1873
Coconino,3738
Gila,1217
Graham,787
Greenlee,58
La Paz,534
Maricopa,139245
Mohave,3886
Navajo,5740
Out of AZ,0
Pima,24313
Pinal,10337
Santa Cruz,2815
Unassigned,4
Yavapai,2457
Yuma,12498
Arkansas,348
Ashley,418
Baxter,266
Benton,6172
Boone,606
Bradley,334
Calhoun,34
Carroll,604
Chicot,992
Clark,307
Clay,258
Cleburne,311
Cleveland,178
Columbia,374
Conway,245
Craighead,2584
Crawford,1233
Crittenden,1868
Cross,402
Dallas,156
Desha,278
Drew,347
Faulkner,2201
Franklin,233
Fulton,119
Garland,1736
Grant,245
Greene,785
Hempstead,355
Hot Spring,1831
Howard,455
Independence,1013
Izard,147
Jackson,287
Jefferson,2844
Johnson,815
Lafayette,88
Lawrence,359
Lee,1044
Lincoln,1917
Little River,344
Logan,389
Lonoke,1027
Madison,331
Marion,75
Miller,768
Mississippi,1584
Monroe,114
Montgomery,136
Nevada,201
Newton,209
Ouachita,243
Out of AR,0
Perry,80
Phillips,453
Pike,218
Poinsett,603
Polk,251
Pope,2002
Prairie,136
Pulaski,8556
Randolph,379
Saline,1927
Scott,95
Searcy,139
Sebastian,3410
Sevier,1193
Sharp,188
St. Francis,1465
Stone,302
Unassigned,1649
Union,839
Van Buren,168
Washington,8914
White,714
Woodruff,41
Yell,1228
Alameda,20494
Alpine,2
Amador,286
Butte,2738
Calaveras,311
Colusa,509
Contra Costa,15734
Del Norte,136
El Dorado,1064
Fresno,27560
Glenn,550
Humboldt,482
Imperial,11558
Inyo,187
Kern,31261
Kings,7268
Lake,459
Lassen,731
Los Angeles,259817
Madera,4296
Marin,6557
Mariposa,75
Mendocino,833
Merced,8750
Modoc,23
Mono,164
Monterey,9360
Napa,1604
Nevada,506
Orange,51873
Out of CA,0
Placer,3428
Plumas,49
Riverside,56681
Sacramento,21171
San Benito,1290
San Bernardino,52287
San Diego,44293
San Francisco,10696
San Joaquin,19793
San Luis Obispo,3360
San Mateo,9522
Santa Barbara,8846
Santa Clara,20252
Santa Cruz,2189
Shasta,668
Sierra,6
Siskiyou,161
Solano,6085
Sonoma,6998
Stanislaus,16289
Sutter,1642
Tehama,490
Trinity,15
Tulare,15599
Tuolumne,221
Unassigned,0
Ventura,12236
Yolo,2740
Yuba,1118
Adams,8410
Alamosa,241
Arapahoe,8802
Archuleta,48
Baca,17
Bent,11
Boulder,3324
Broomfield,593
Chaffee,321
Cheyenne,13
Clear Creek,37
Conejos,31
Costilla,32
Crowley,73
Custer,17
Delta,185
Denver,12313
Dolores,3
Douglas,2359
Eagle,1230
El Paso,6642
Elbert,146
Fremont,167
Garfield,925
Gilpin,18
Grand,71
Gunnison,296
Hinsdale,3
Huerfano,13
Jackson,9
Jefferson,5317
Kiowa,0
Kit Carson,79
La Plata,250
Lake,90
Larimer,2328
Las Animas,21
Lincoln,9
Logan,828
Mesa,533
Mineral,20
Moffat,38
Montezuma,129
Montrose,368
Morgan,732
Otero,91
Ouray,25
Out of CO,0
Park,50
Phillips,34
Pitkin,219
Prowers,93
Pueblo,1024
Rio Blanco,24
Rio Grande,95
Routt,143
Saguache,111
San Juan,6
San Miguel,95
Sedgwick,12
Summit,417
Teller,172
Unassigned,0
Washington,57
Weld,4492
Yuma,84
Fairfield,19716
Hartford,14253
Litchfield,1822
Middlesex,1542
New Haven,14164
New London,1717
Out of CT,0
Tolland,1293
Unassigned,121
Windham,899
Kent,2852
New Castle,9521
Out of DE,0
Sussex,6600
Unassigned,476
,49
District of Columbia,14902
Out of DC,0
Unassigned,0
Alachua,7382
Baker,1401
Bay,5802
Bradford,1017
Brevard,8352
Broward,75499
Calhoun,607
Charlotte,2943
Citrus,2606
Clay,4765
Collier,12423
Columbia,3627
DeSoto,1545
Dixie,822
Duval,29241
Escambia,12015
Flagler,1642
Franklin,592
Gadsden,2693
Gilchrist,502
Glades,497
Gulf,865
Hamilton,826
Hardee,1274
Hendry,2043
Hernando,2999
Highlands,2068
Hillsborough,40587
Holmes,727
Indian River,3072
Jackson,2706
Jefferson,544
Lafayette,1230
Lake,7262
Lee,19884
Leon,9838
Levy,1001
Liberty,490
Madison,1001
Manatee,11158
Marion,9401
Martin,4722
Miami-Dade,166516
Monroe,1804
Nassau,2010
Okaloosa,4733
Okeechobee,1443
Orange,38818
Osceola,12049
Out of FL,0
Palm Beach,45156
Pasco,8816
Pinellas,21440
Polk,19035
Putnam,2042
Santa Rosa,5200
Sarasota,7848
Seminole,8794
St. Johns,5070
St. Lucie,7787
Sumter,2154
Suwannee,2595
Taylor,1286
Unassigned,1592
Union,874
Volusia,10495
Wakulla,1079
Walton,1870
Washington,1056
Appling,1001
Atkinson,435
Bacon,589
Baker,78
Baldwin,2048
Banks,467
Barrow,2079
Bartow,2790
Ben Hill,736
Berrien,438
Bibb,5941
Bleckley,425
Brantley,341
Brooks,510
Bryan,1055
Bulloch,2758
Burke,760
Butts,625
Calhoun,233
Camden,1227
Candler,412
Carroll,2624
Catoosa,1096
Charlton,610
Chatham,8074
Chattahoochee,1622
Chattooga,714
Cherokee,5738
Clarke,4855
Clay,120
Clayton,7010
Clinch,362
Cobb,19000
Coffee,1976
Colquitt,1905
Columbia,3617
Cook,540
Coweta,2499
Crawford,165
Crisp,529
Dade,271
Dawson,790
DeKalb,18006
Decatur,1100
Dodge,392
Dooly,322
Dougherty,3122
Douglas,3432
Early,465
Echols,239
Effingham,1365
Elbert,594
Emanuel,978
Evans,412
Fannin,594
Fayette,1734
Floyd,2963
Forsyth,3705
Franklin,709
Fulton,26910
Gilmer,792
Glascock,37
Glynn,3408
Gordon,1778
Grady,749
Greene,492
Gwinnett,26550
Habersham,1553
Hall,8757
Hancock,386
Haralson,433
Harris,774
Hart,483
Heard,189
Henry,4947
Houston,3027
Irwin,283
Jackson,1874
Jasper,209
Jeff Davis,702
Jefferson,767
Jenkins,396
Johnson,410
Jones,528
Lamar,350
Lanier,292
Laurens,1578
Lee,690
Liberty,1060
Lincoln,207
Long,230
Lowndes,3803
Lumpkin,872
Macon,227
Madison,659
Marion,185
McDuffie,579
McIntosh,282
Meriwether,532
Miller,241
Mitchell,775
Monroe,656
Montgomery,291
Morgan,468
Murray,793
Muscogee,5849
Newton,2519
Oconee,706
Oglethorpe,314
Out of GA,16962
Paulding,2707
Peach,655
Pickens,600
Pierce,589
Pike,311
Polk,1396
Pulaski,310
Putnam,674
Quitman,31
Rabun,316
Randolph,331
Richmond,6834
Rockdale,1806
Schley,104
Screven,372
Seminole,343
Spalding,1278
Stephens,992
Stewart,462
Sumter,918
Talbot,158
Taliaferro,21
Tattnall,779
Taylor,204
Telfair,377
Terrell,326
Thomas,1471
Tift,1688
Toombs,1277
Towns,297
Treutlen,244
Troup,2752
Turner,292
Twiggs,183
Unassigned,2399
Union,660
Upson,749
Walker,1426
Walton,1733
Ware,1461
Warren,131
Washington,650
Wayne,1087
Webster,43
Wheeler,322
White,721
Whitfield,4436
Wilcox,243
Wilkes,259
Wilkinson,332
Worth,520
,103
,2074
Hawaii,639
Honolulu,10218
Kalawao,0
Kauai,57
Maui,384
Out of HI,28
Unassigned,0
Ada,12321
Adams,28
Bannock,870
Bear Lake,32
Benewah,136
Bingham,718
Blaine,630
Boise,66
Bonner,283
Bonneville,2417
Boundary,56
Butte,26
Camas,20
Canyon,7873
Caribou,94
Cassia,632
Clark,31
Clearwater,30
Custer,57
Elmore,318
Franklin,79
Fremont,156
Gem,270
Gooding,263
Idaho,88
Jefferson,471
Jerome,721
Kootenai,2474
Latah,310
Lemhi,73
Lewis,12
Lincoln,87
Madison,462
Minidoka,617
Nez Perce,390
Oneida,23
Out of ID,0
Owyhee,323
Payette,805
Power,194
Shoshone,212
Teton,142
Twin Falls,2020
Unassigned,3
Valley,86
Washington,328
Adams,971
Alexander,69
Bond,286
Boone,1012
Brown,36
Bureau,567
Calhoun,35
Carroll,204
Cass,380
Champaign,4320
Christian,427
Clark,146
Clay,138
Clinton,1051
Coles,1342
Cook,138576
Crawford,348
Cumberland,193
De Witt,97
DeKalb,1424
Douglas,273
DuPage,16622
Edgar,109
Edwards,60
Effingham,809
Fayette,306
Ford,94
Franklin,477
Fulton,144
Gallatin,68
Greene,207
Grundy,625
Hamilton,65
Hancock,183
Hardin,34
Henderson,62
Henry,614
Iroquois,348
Jackson,1225
Jasper,192
Jefferson,555
Jersey,378
Jo Daviess,235
Johnson,144
Kane,12554
Kankakee,2631
Kendall,1879
Knox,581
LaSalle,1590
Lake,16285
Lawrence,242
Lee,325
Livingston,312
Logan,428
Macon,1358
Macoupin,486
Madison,5291
Marion,491
Marshall,92
Mason,122
Massac,93
McDonough,444
McHenry,4385
McLean,3120
Menard,115
Mercer,127
Monroe,625
Montgomery,318
Morgan,612
Moultrie,207
Ogle,619
Out of IL,2
Peoria,3174
Perry,332
Piatt,129
Pike,108
Pope,26
Pulaski,156
Putnam,42
Randolph,911
Richland,144
Rock Island,2771
Saline,245
Sangamon,2222
Schuyler,44
Scott,67
Shelby,345
St. Clair,6239
Stark,50
Stephenson,461
Tazewell,1538
Unassigned,2241
Union,495
Vermilion,588
Wabash,137
Warren,300
Washington,189
Wayne,240
White,156
Whiteside,676
Will,13330
Williamson,1296
Winnebago,5218
Woodford,386
Adams,240
Allen,5921
Bartholomew,1145
Benton,88
Blackford,114
Boone,944
Brown,101
Carroll,269
Cass,1927
Clark,2101
Clay,292
Clinton,591
Crawford,102
Daviess,639
DeKalb,442
Dearborn,621
Decatur,453
Delaware,1842
Dubois,940
Elkhart,6321
Fayette,417
Floyd,1300
Fountain,115
Franklin,293
Fulton,230
Gibson,464
Grant,867
Greene,415
Hamilton,4646
Hancock,900
Harrison,556
Hendricks,2638
Henry,754
Howard,1270
Huntington,217
Jackson,731
Jasper,380
Jay,168
Jefferson,240
Jennings,308
Johnson,2250
Knox,476
Kosciusko,1187
LaGrange,629
LaPorte,1356
Lake,10172
Lawrence,500
Madison,1565
Marion,20645
Marshall,980
Martin,159
Miami,422
Monroe,2368
Montgomery,502
Morgan,694
Newton,170
Noble,876
Ohio,76
Orange,282
Out of IN,0
Owen,164
Parke,93
Perry,202
Pike,136
Porter,2033
Posey,294
Pulaski,113
Putnam,520
Randolph,206
Ripley,278
Rush,149
Scott,353
Shelby,663
Spencer,215
St. Joseph,6007
Starke,248
Steuben,364
Sullivan,328
Switzerland,68
Tippecanoe,2184
Tipton,215
Unassigned,0
Union,77
Vanderburgh,3271
Vermillion,125
Vigo,1757
Wabash,260
Warren,40
Warrick,1119
Washington,257
Wayne,737
Wells,247
White,478
Whitley,247
Adair,64
Adams,28
Allamakee,242
Appanoose,120
Audubon,59
Benton,281
Black Hawk,4336
Boone,462
Bremer,463
Buchanan,235
Buena Vista,1941
Butler,258
Calhoun,169
Carroll,630
Cass,129
Cedar,219
Cerro Gordo,993
Cherokee,185
Chickasaw,207
Clarke,255
Clay,288
Clayton,230
Clinton,1062
Crawford,994
Dallas,2675
Davis,113
Decatur,58
Delaware,329
Des Moines,737
Dickinson,483
Dubuque,2760
Emmet,252
Fayette,187
Floyd,296
Franklin,335
Fremont,82
Greene,84
Grundy,201
Guthrie,217
Hamilton,314
Hancock,172
Hardin,276
Harrison,177
Henry,603
Howard,182
Humboldt,171
Ida,96
Iowa,182
Jackson,296
Jasper,756
Jefferson,133
Johnson,4985
Jones,243
Keokuk,90
Kossuth,217
Lee,594
Linn,3762
Louisa,425
Lucas,138
Lyon,241
Madison,201
Mahaska,336
Marion,707
Marshall,1759
Mills,165
Mitchell,181
Monona,132
Monroe,146
Montgomery,86
Muscatine,1060
O'Brien,298
Osceola,125
Out of IA,0
Page,141
Palo Alto,159
Plymouth,1034
Pocahontas,151
Polk,15227
Pottawattamie,1976
Poweshiek,243
Ringgold,41
Sac,209
Scott,2765
Shelby,242
Sioux,1320
Story,3279
Tama,687
Taylor,119
Unassigned,23
Union,120
Van Buren,109
Wapello,1257
Warren,927
Washington,430
Wayne,81
Webster,1189
Winnebago,266
Winneshiek,293
Woodbury,4944
Worth,102
Wright,562
Allen,32
Anderson,56
Atchison,307
Barber,5
Barton,433
Bourbon,130
Brown,90
Butler,488
Chase,81
Chautauqua,13
Cherokee,442
Cheyenne,24
Clark,48
Clay,46
Cloud,64
Coffey,108
Comanche,10
Cowley,321
Crawford,951
Decatur,15
Dickinson,112
Doniphan,105
Douglas,1999
Edwards,44
Elk,1
Ellis,775
Ellsworth,26
Finney,2031
Ford,2593
Franklin,304
Geary,281
Gove,25
Graham,30
Grant,215
Gray,122
Greeley,6
Greenwood,47
Hamilton,42
Harper,119
Harvey,335
Haskell,103
Hodgeman,21
Jackson,231
Jefferson,177
Jewell,15
Johnson,10083
Kearny,79
Kingman,69
Kiowa,17
Labette,225
Lane,12
Leavenworth,1877
Lincoln,12
Linn,66
Logan,7
Lyon,1073
Marion,72
Marshall,19
McPherson,269
Meade,95
Miami,314
Mitchell,44
Montgomery,358
Morris,27
Morton,14
Nemaha,75
Neosho,161
Ness,64
Norton,28
Osage,90
Osborne,5
Ottawa,48
Out of KS,0
Pawnee,328
Phillips,86
Pottawatomie,219
Pratt,63
Rawlins,4
Reno,955
Republic,42
Rice,66
Riley,1588
Rooks,54
Rush,40
Russell,75
Saline,637
Scott,102
Sedgwick,7996
Seward,1637
Shawnee,2537
Sheridan,12
Sherman,24
Smith,5
Stafford,53
Stanton,48
Stevens,121
Sumner,169
Thomas,120
Trego,46
Unassigned,0
Wabaunsee,66
Wallace,16
Washington,16
Wichita,5
Wilson,58
Woodson,13
Wyandotte,6659
Adair,294
Allen,300
Anderson,143
Ballard,52
Barren,637
Bath,79
Bell,470
Boone,1496
Bourbon,166
Boyd,390
Boyle,250
Bracken,39
Breathitt,82
Breckinridge,124
Bullitt,804
Butler,333
Caldwell,137
Calloway,517
Campbell,825
Carlisle,74
Carroll,195
Carter,155
Casey,266
Christian,1107
Clark,298
Clay,289
Clinton,101
Crittenden,118
Cumberland,97
Daviess,1266
Edmonson,130
Elliott,35
Estill,125
Fayette,5378
Fleming,82
Floyd,170
Franklin,594
Fulton,139
Gallatin,96
Garrard,147
Grant,153
Graves,707
Grayson,364
Green,250
Greenup,352
Hancock,73
Hardin,1197
Harlan,366
Harrison,167
Hart,162
Henderson,648
Henry,186
Hickman,74
Hopkins,594
Jackson,343
Jefferson,14424
Jessamine,571
Johnson,145
Kenton,1939
Knott,139
Knox,440
Larue,112
Laurel,761
Lawrence,54
Lee,18
Leslie,53
Letcher,116
Lewis,217
Lincoln,179
Livingston,81
Logan,545
Lyon,66
Madison,1601
Magoffin,79
Marion,215
Marshall,260
Martin,74
Mason,120
McCracken,682
McCreary,140
McLean,72
Meade,188
Menifee,42
Mercer,193
Metcalfe,106
Monroe,200
Montgomery,237
Morgan,52
Muhlenberg,732
Nelson,473
Nicholas,29
Ohio,438
Oldham,1059
Out of KY,0
Owen,91
Owsley,37
Pendleton,92
Perry,326
Pike,381
Powell,90
Pulaski,728
Robertson,12
Rockcastle,159
Rowan,203
Russell,238
Scott,715
Shelby,1026
Simpson,264
Spencer,197
Taylor,281
Todd,178
Trigg,161
Trimble,57
Unassigned,0
Union,285
Warren,4125
Washington,141
Wayne,125
Webster,147
Whitley,277
Wolfe,30
Woodford,252
Acadia,2917
Allen,1530
Ascension,3657
Assumption,740
Avoyelles,1461
Beauregard,980
Bienville,452
Bossier,3068
Caddo,8188
Calcasieu,7708
Caldwell,298
Cameron,220
Catahoula,426
Claiborne,485
Concordia,499
De Soto,876
East Baton Rouge,14813
East Carroll,541
East Feliciana,1713
Evangeline,1288
Franklin,1179
Grant,479
Iberia,2868
Iberville,1403
Jackson,611
Jefferson,17198
Jefferson Davis,1219
LaSalle,417
Lafayette,8778
Lafourche,3523
Lincoln,1097
Livingston,3677
Madison,861
Morehouse,743
Natchitoches,1071
Orleans,12287
Ouachita,6010
Out of LA,0
Plaquemines,661
Pointe Coupee,1037
Rapides,4067
Red River,351
Richland,746
Sabine,825
St. Bernard,1350
St. Charles,1756
St. Helena,399
St. James,792
St. John the Baptist,1574
St. Landry,3248
St. Martin,2062
St. Mary,1865
St. Tammany,6779
Tangipahoa,4365
Tensas,158
Terrebonne,3566
Unassigned,190
Union,940
Vermilion,1991
Vernon,1024
Washington,1587
Webster,1174
West Baton Rouge,878
West Carroll,336
West Feliciana,678
Winn,603
Androscoggin,674
Aroostook,41
Cumberland,2273
Franklin,58
Hancock,53
Kennebec,205
Knox,35
Lincoln,39
Out of ME,0
Oxford,114
Penobscot,252
Piscataquis,8
Sagadahoc,64
Somerset,85
Unassigned,0
Waldo,73
Washington,15
York,1045
Allegany,443
Anne Arundel,9559
Baltimore,17365
Baltimore City,15204
Calvert,905
Caroline,632
Carroll,1900
Cecil,985
Charles,2686
Dorchester,568
Frederick,3896
Garrett,72
Harford,2915
Howard,4912
Kent,295
Montgomery,21760
Out of MD,0
Prince George's,28495
Queen Anne's,634
Somerset,244
St. Mary's,1248
Talbot,528
Unassigned,0
Washington,1627
Wicomico,1879
Worcester,992
Barnstable,1705
Berkshire,701
Bristol,9746
Dukes,0
Dukes and Nantucket,150
Essex,19022
Franklin,403
Hampden,7966
Hampshire,1205
Middlesex,26644
Nantucket,0
Norfolk,10015
Out of MA,0
Plymouth,9516
Suffolk,23674
Unassigned,2384
Worcester,14050
Alcona,41
Alger,17
Allegan,729
Alpena,139
Antrim,66
Arenac,69
Baraga,13
Barry,272
Bay,956
Benzie,69
Berrien,1784
Branch,568
Calhoun,1222
Cass,514
Charlevoix,94
Cheboygan,88
Chippewa,75
Clare,108
Clinton,620
Crawford,118
Delta,261
Dickinson,97
Eaton,610
Emmet,152
Federal Correctional Institution (FCI),195
Genesee,4267
Gladwin,91
Gogebic,153
Grand Traverse,455
Gratiot,244
Hillsdale,325
Houghton,300
Huron,214
Ingham,3158
Ionia,349
Iosco,190
Iron,66
Isabella,652
Jackson,980
Kalamazoo,2580
Kalkaska,79
Kent,9342
Keweenaw,7
Lake,32
Lapeer,580
Leelanau,108
Lenawee,779
Livingston,1312
Luce,12
Mackinac,54
Macomb,13971
Manistee,69
Marquette,315
Mason,133
Mecosta,186
Menominee,302
Michigan Department of Corrections (MDOC),5563
Midland,553
Missaukee,58
Monroe,1458
Montcalm,289
Montmorency,14
Muskegon,1444
Newaygo,317
Oakland,19884
Oceana,513
Ogemaw,61
Ontonagon,42
Osceola,89
Oscoda,30
Otsego,168
Ottawa,3146
Out of MI,204
Presque Isle,26
Roscommon,88
Saginaw,2863
Sanilac,144
Schoolcraft,21
Shiawassee,491
St. Clair,977
St. Joseph,726
Tuscola,488
Unassigned,4
Van Buren,738
Washtenaw,3305
Wayne,34082
Wexford,119
Aitkin,70
Anoka,5664
Becker,242
Beltrami,371
Benton,500
Big Stone,66
Blue Earth,1578
Brown,168
Carlton,235
Carver,1330
Cass,123
Chippewa,189
Chisago,433
Clay,1232
Clearwater,25
Cook,6
Cottonwood,216
Crow Wing,419
Dakota,7048
Dodge,190
Douglas,236
Faribault,130
Fillmore,105
Freeborn,511
Goodhue,324
Grant,57
Hennepin,25628
Houston,107
Hubbard,76
Isanti,244
Itasca,271
Jackson,128
Kanabec,103
Kandiyohi,918
Kittson,12
Koochiching,103
Lac qui Parle,43
Lake,53
Lake of the Woods,20
Le Sueur,443
Lincoln,101
Lyon,638
Mahnomen,45
Marshall,48
Martin,304
McLeod,440
Meeker,171
Mille Lacs,141
Morrison,195
Mower,1274
Murray,152
Nicollet,496
Nobles,1926
Norman,51
Olmsted,2263
Otter Tail,379
Out of MN,0
Pennington,108
Pine,239
Pipestone,209
Polk,270
Pope,86
Ramsey,10410
Red Lake,37
Redwood,129
Renville,125
Rice,1297
Rock,146
Roseau,110
Scott,2386
Sherburne,1078
Sibley,176
St. Louis,1317
Stearns,3715
Steele,516
Stevens,91
Swift,111
Todd,473
Traverse,29
Unassigned,187
Wabasha,170
Wadena,62
Waseca,425
Washington,3526
Watonwan,498
Wilkin,55
Winona,843
Wright,1508
Yellow Medicine,148
Adams,917
Alcorn,768
Amite,312
Attala,641
Benton,218
Bolivar,1790
Calhoun,506
Carroll,312
Chickasaw,652
Choctaw,178
Claiborne,451
Clarke,535
Clay,571
Coahoma,1123
Copiah,1159
Covington,806
DeSoto,5393
Forrest,2382
Franklin,189
George,744
Greene,343
Grenada,1053
Hancock,561
Harrison,3727
Hinds,6956
Holmes,1091
Humphreys,373
Issaquena,103
Itawamba,752
Jackson,3378
Jasper,549
Jefferson,239
Jefferson Davis,325
Jones,2399
Kemper,286
Lafayette,2072
Lamar,1621
Lauderdale,1994
Lawrence,425
Leake,939
Lee,2585
Leflore,1362
Lincoln,1062
Lowndes,1398
Madison,3200
Marion,841
Marshall,1075
Monroe,1183
Montgomery,454
Neshoba,1534
Newton,756
Noxubee,543
Oktibbeha,1747
Out of MS,0
Panola,1440
Pearl River,862
Perry,406
Pike,1209
Pontotoc,1225
Prentiss,808
Quitman,373
Rankin,3188
Scott,1161
Sharkey,263
Simpson,1012
Smith,521
Stone,350
Sunflower,1411
Tallahatchie,749
Tate,951
Tippah,642
Tishomingo,657
Tunica,479
Unassigned,0
Union,978
Walthall,593
Warren,1380
Washington,2174
Wayne,874
Webster,331
Wilkinson,302
Winston,723
Yalobusha,416
Yazoo,1036
Adair,318
Andrew,213
Atchison,44
Audrain,402
Barry,431
Barton,165
Bates,98
Benton,239
Bollinger,306
Boone,4365
Buchanan,1712
Butler,541
Caldwell,76
Callaway,569
Camden,780
Cape Girardeau,1461
Carroll,133
Carter,71
Cass,1380
Cedar,87
Chariton,44
Christian,1204
Clark,59
Clay,1714
Clinton,197
Cole,1354
Cooper,373
Crawford,345
Dade,47
Dallas,167
Daviess,83
DeKalb,111
Dent,120
Douglas,162
Dunklin,730
Franklin,1496
Gasconade,154
Gentry,116
Greene,5286
Grundy,163
Harrison,100
Henry,161
Hickory,86
Holt,75
Howard,162
Howell,498
Iron,47
Jackson,6987
Jasper,3492
Jefferson,3783
Johnson,975
Kansas City,10470
Knox,48
Laclede,498
Lafayette,408
Lawrence,507
Lewis,71
Lincoln,704
Linn,59
Livingston,377
Macon,139
Madison,269
Maries,67
Marion,626
McDonald,1042
Mercer,28
Miller,429
Mississippi,282
Moniteau,275
Monroe,86
Montgomery,78
Morgan,280
New Madrid,503
Newton,1324
Nodaway,713
Oregon,99
Osage,125
Out of MO,0
Ozark,110
Pemiscot,463
Perry,570
Pettis,992
Phelps,401
Pike,225
Platte,625
Polk,463
Pulaski,537
Putnam,31
Ralls,139
Randolph,207
Ray,157
Reynolds,30
Ripley,138
Saline,660
Schuyler,22
Scotland,28
Scott,802
Shannon,81
Shelby,59
St. Charles,7066
St. Clair,41
St. Francois,1895
St. Louis,22729
St. Louis City,6797
Ste. Genevieve,175
Stoddard,439
Stone,387
Sullivan,185
Taney,1116
Texas,270
Unassigned,0
Vernon,151
Warren,437
Washington,329
Wayne,168
Webster,500
Worth,19
Wright,231
Beaverhead,76
Big Horn,832
Blaine,16
Broadwater,17
Carbon,107
Carter,0
Cascade,522
Chouteau,18
Custer,101
Daniels,3
Dawson,67
Deer Lodge,113
Fallon,5
Fergus,54
Flathead,826
Gallatin,1200
Garfield,16
Glacier,176
Golden Valley,3
Granite,22
Hill,131
Jefferson,55
Judith Basin,6
Lake,251
Lewis and Clark,222
Liberty,16
Lincoln,105
Madison,97
McCone,19
Meagher,24
Mineral,2
Missoula,571
Musselshell,32
Out of MT,0
Park,86
Petroleum,0
Phillips,117
Pondera,21
Powder River,3
Powell,10
Prairie,1
Ravalli,126
Richland,73
Roosevelt,147
Rosebud,558
Sanders,44
Sheridan,9
Silver Bow,209
Stillwater,51
Sweet Grass,37
Teton,20
Toole,70
Treasure,3
Unassigned,0
Valley,58
Wheatland,9
Wibaux,9
Yellowstone,2797
Adams,506
Antelope,53
Arthur,1
Banner,2
Blaine,0
Boone,63
Box Butte,53
Boyd,17
Brown,17
Buffalo,953
Burt,75
Butler,106
Cass,304
Cedar,73
Chase,20
Cherry,42
Cheyenne,36
Clay,66
Colfax,758
Cuming,119
Custer,80
Dakota,2140
Dawes,114
Dawson,1067
Deuel,4
Dixon,83
Dodge,1076
Douglas,15107
Dundy,11
Fillmore,51
Franklin,22
Frontier,7
Furnas,33
Gage,201
Garden,9
Garfield,6
Gosper,32
Grant,1
Greeley,22
Hall,1958
Hamilton,119
Harlan,14
Hayes,0
Hitchcock,4
Holt,50
Hooker,7
Howard,88
Jefferson,29
Johnson,40
Kearney,137
Keith,60
Keya Paha,4
Kimball,15
Knox,132
Lancaster,5605
Lincoln,356
Logan,6
Loup,3
Madison,775
McPherson,6
Merrick,81
Morrill,75
Nance,24
Nemaha,114
Nuckolls,13
Otoe,135
Out of NE,0
Pawnee,15
Perkins,33
Phelps,102
Pierce,100
Platte,1010
Polk,49
Red Willow,25
Richardson,50
Rock,37
Saline,692
Sarpy,3356
Saunders,401
Scotts Bluff,405
Seward,203
Sheridan,47
Sherman,23
Sioux,7
Stanton,39
Thayer,29
Thomas,5
Thurston,244
Unassigned,194
Valley,30
Washington,242
Wayne,115
Webster,15
Wheeler,1
York,148
Carson City,523
Churchill,137
Clark,63877
Douglas,286
Elko,904
Esmeralda,0
Eureka,10
Humboldt,118
Lander,70
Lincoln,7
Lyon,407
Mineral,13
Nye,492
Out of NV,0
Pershing,21
Storey,9
Unassigned,0
Washoe,8493
White Pine,52
Belknap,143
Carroll,119
Cheshire,142
Coos,21
Grafton,132
Hillsborough,4289
Merrimack,557
Out of NH,0
Rockingham,1971
Strafford,493
Sullivan,50
Unassigned,3
Atlantic,3956
Bergen,22145
Burlington,6901
Camden,9667
Cape May,995
Cumberland,3728
Essex,20803
Gloucester,4281
Hudson,20468
Hunterdon,1282
Mercer,8563
Middlesex,19050
Monmouth,11438
Morris,7718
Ocean,12182
Out of NJ,0
Passaic,18799
Salem,1039
Somerset,5685
Sussex,1450
Unassigned,316
Union,17415
Warren,1428
Bernalillo,6198
Catron,9
Chaves,1014
Cibola,406
Colfax,27
Curry,740
De Baca,1
Dona Ana,3117
Eddy,686
Grant,109
Guadalupe,34
Harding,2
Hidalgo,99
Lea,1320
Lincoln,186
Los Alamos,31
Luna,401
McKinley,4292
Mora,7
Otero,247
Out of NM,0
Quay,71
Rio Arriba,383
Roosevelt,266
San Juan,3257
San Miguel,93
Sandoval,1313
Santa Fe,939
Sierra,42
Socorro,88
Taos,129
Torrance,65
Unassigned,1361
Union,31
Valencia,548
Albany,3006
Allegany,96
Bronx,52526
Broome,1459
Cattaraugus,253
Cayuga,196
Chautauqua,536
Chemung,322
Chenango,248
Clinton,154
Columbia,580
Cortland,155
Delaware,130
Dutchess,5053
Erie,10917
Essex,158
Franklin,64
Fulton,332
Genesee,314
Greene,319
Hamilton,15
Herkimer,319
Jefferson,161
Kings,66971
Lewis,50
Livingston,201
Madison,486
Monroe,5876
Montgomery,223
Nassau,46154
New York,33011
Niagara,1714
Oneida,2373
Onondaga,4201
Ontario,456
Orange,11790
Orleans,323
Oswego,424
Otsego,325
Out of NY,0
Putnam,1573
Queens,71577
Rensselaer,896
Richmond,15713
Rockland,14801
Saratoga,990
Schenectady,1377
Schoharie,83
Schuyler,37
Seneca,105
St. Lawrence,315
Steuben,344
Suffolk,46010
Sullivan,1570
Tioga,222
Tompkins,394
Ulster,2239
Unassigned,0
Warren,356
Washington,287
Wayne,309
Westchester,37755
Wyoming,132
Yates,62
Alamance,3695
Alexander,483
Alleghany,219
Anson,549
Ashe,247
Avery,321
Beaufort,818
Bertie,540
Bladen,818
Brunswick,1523
Buncombe,2844
Burke,2018
Cabarrus,3739
Caldwell,1557
Camden,107
Carteret,608
Caswell,315
Catawba,2958
Chatham,1589
Cherokee,567
Chowan,306
Clay,109
Cleveland,1994
Columbus,1305
Craven,1247
Cumberland,5018
Currituck,150
Dare,258
Davidson,2575
Davie,527
Duplin,2137
Durham,7486
Edgecombe,1254
Forsyth,6786
Franklin,1177
Gaston,4806
Gates,121
Graham,122
Granville,1680
Greene,498
Guilford,8064
Halifax,957
Harnett,2003
Haywood,577
Henderson,1894
Hertford,681
Hoke,1058
Hyde,124
Iredell,2653
Jackson,529
Johnston,4217
Jones,143
Lee,1569
Lenoir,937
Lincoln,1437
Macon,582
Madison,89
Martin,418
McDowell,880
Mecklenburg,27431
Mitchell,102
Montgomery,1020
Moore,1505
Nash,2091
New Hanover,3875
Northampton,401
Onslow,1825
Orange,2570
Out of NC,0
Pamlico,228
Pasquotank,658
Pender,888
Perquimans,171
Person,405
Pitt,4498
Polk,257
Randolph,2645
Richmond,896
Robeson,4218
Rockingham,1131
Rowan,3155
Rutherford,1091
Sampson,1751
Scotland,907
Stanly,1781
Stokes,404
Surry,1271
Swain,139
Transylvania,302
Tyrrell,112
Unassigned,0
Union,4553
Vance,1014
Wake,16812
Warren,313
Washington,200
Watauga,578
Wayne,3135
Wilkes,1152
Wilson,2053
Yadkin,707
Yancey,119
Adams,17
Barnes,212
Benson,317
Billings,13
Bottineau,42
Bowman,29
Burke,28
Burleigh,3002
Cass,4603
Cavalier,46
Dickey,45
Divide,6
Dunn,76
Eddy,61
Emmons,108
Foster,53
Golden Valley,41
Grand Forks,2046
Grant,11
Griggs,50
Hettinger,54
Kidder,41
LaMoure,44
Logan,26
McHenry,56
McIntosh,53
McKenzie,163
McLean,237
Mercer,107
Morton,1052
Mountrail,203
Nelson,38
Oliver,17
Out of ND,0
Pembina,50
Pierce,31
Ramsey,185
Ransom,71
Renville,34
Richland,205
Rolette,156
Sargent,49
Sheridan,9
Sioux,140
Slope,7
Stark,1297
Steele,27
Stutsman,475
Towner,12
Traill,96
Unassigned,0
Walsh,169
Ward,870
Wells,33
Williams,794
,68
Adams,120
Allen,1365
Ashland,222
Ashtabula,641
Athens,588
Auglaize,562
Belmont,705
Brown,273
Butler,5586
Carroll,149
Champaign,287
Clark,1707
Clermont,1611
Clinton,278
Columbiana,1918
Coshocton,230
Crawford,217
Cuyahoga,17041
Darke,759
Defiance,279
Delaware,2116
Erie,896
Fairfield,1999
Fayette,225
Franklin,25846
Fulton,232
Gallia,179
Geauga,701
Greene,1338
Guernsey,155
Hamilton,12698
Hancock,655
Hardin,249
Harrison,60
Henry,294
Highland,220
Hocking,159
Holmes,370
Huron,521
Jackson,228
Jefferson,318
Knox,278
Lake,1572
Lawrence,588
Licking,1853
Logan,291
Lorain,2253
Lucas,7091
Madison,776
Mahoning,2988
Marion,3057
Medina,1420
Meigs,170
Mercer,1044
Miami,1341
Monroe,106
Montgomery,7443
Morgan,46
Morrow,247
Muskingum,367
Noble,26
Ottawa,464
Out of OH,0
Paulding,101
Perry,284
Pickaway,2628
Pike,153
Portage,1064
Preble,418
Putnam,537
Richland,781
Ross,849
Sandusky,554
Scioto,459
Seneca,435
Shelby,561
Stark,2723
Summit,5073
Trumbull,1847
Tuscarawas,910
Unassigned,0
Union,483
Van Wert,110
Vinton,45
Warren,2893
Washington,246
Wayne,898
Williams,197
Wood,1679
Wyandot,201
Adair,574
Alfalfa,56
Atoka,269
Beaver,48
Beckham,263
Blaine,108
Bryan,820
Caddo,695
Canadian,1928
Carter,502
Cherokee,973
Choctaw,299
Cimarron,23
Cleveland,5512
Coal,71
Comanche,1479
Cotton,64
Craig,404
Creek,1051
Custer,475
Delaware,673
Dewey,58
Ellis,8
Garfield,1464
Garvin,332
Grady,855
Grant,38
Greer,104
Harmon,43
Harper,26
Haskell,253
Hughes,276
Jackson,698
Jefferson,42
Johnston,139
Kay,491
Kingfisher,318
Kiowa,65
Latimer,129
Le Flore,978
Lincoln,388
Logan,394
Love,164
Major,70
Marshall,170
Mayes,530
McClain,776
McCurtain,1212
McIntosh,291
Murray,113
Muskogee,1678
Noble,140
Nowata,131
Okfuskee,127
Oklahoma,16435
Okmulgee,769
Osage,771
Ottawa,770
Out of OK,0
Pawnee,239
Payne,2008
Pittsburg,865
Pontotoc,345
Pottawatomie,1177
Pushmataha,145
Roger Mills,26
Rogers,1663
Seminole,399
Sequoyah,776
Stephens,374
Texas,1403
Tillman,81
Tulsa,15905
Unassigned,70
Wagoner,1388
Washington,948
Washita,57
Woods,93
Woodward,309
Baker,90
Benton,251
Clackamas,2226
Clatsop,109
Columbia,148
Coos,136
Crook,60
Curry,26
Deschutes,746
Douglas,200
Gilliam,7
Grant,8
Harney,12
Hood River,241
Jackson,1021
Jefferson,505
Josephine,180
Klamath,269
Lake,29
Lane,933
Lincoln,470
Linn,454
Malheur,1490
Marion,4387
Morrow,484
Multnomah,6743
Out of OR,0
Polk,493
Sherman,18
Tillamook,48
Umatilla,2895
Unassigned,0
Union,435
Wallowa,28
Wasco,233
Washington,4241
Wheeler,0
Yamhill,726
Adams,782
Allegheny,11663
Armstrong,410
Beaver,1834
Bedford,224
Berks,6801
Blair,559
Bradford,120
Bucks,8499
Butler,983
Cambria,540
Cameron,8
Carbon,444
Centre,1727
Chester,6510
Clarion,115
Clearfield,297
Clinton,186
Columbia,859
Crawford,288
Cumberland,1752
Dauphin,3684
Delaware,11104
Elk,67
Erie,1466
Fayette,766
Forest,14
Franklin,1710
Fulton,44
Greene,168
Huntingdon,395
Indiana,611
Jefferson,107
Juniata,178
Lackawanna,2375
Lancaster,7514
Lawrence,499
Lebanon,1931
Lehigh,5469
Luzerne,4013
Lycoming,623
McKean,53
Mercer,688
Mifflin,209
Monroe,1772
Montgomery,11897
Montour,162
Northampton,4364
Northumberland,861
Out of PA,0
Perry,204
Philadelphia,35583
Pike,565
Potter,25
Schuylkill,1058
Snyder,255
Somerset,203
Sullivan,11
Susquehanna,293
Tioga,61
Unassigned,0
Union,451
Venango,80
Warren,42
Washington,1275
Wayne,214
Westmoreland,2046
Wyoming,72
York,4453
Adjuntas,142
Aguada,305
Aguadilla,406
Aguas Buenas,245
Aibonito,145
Anasco,217
Arecibo,691
Arroyo,159
Barceloneta,203
Barranquitas,406
Bayamon,3242
Cabo Rojo,309
Caguas,1394
Camuy,233
Canovanas,619
Carolina,2344
Catano,390
Cayey,320
Ceiba,107
Ciales,212
Cidra,285
Coamo,258
Comerio,222
Corozal,540
Culebra,22
Dorado,652
Fajardo,466
Florida,242
Guanica,92
Guayama,276
Guayanilla,159
Guaynabo,1516
Gurabo,470
Hatillo,236
Hormigueros,153
Humacao,435
Isabela,242
Jayuya,219
Juana Diaz,313
Juncos,330
Lajas,133
Lares,299
Las Marias,95
Las Piedras,418
Loiza,230
Luquillo,218
Manati,485
Maricao,78
Maunabo,107
Mayaguez,742
Moca,321
Morovis,480
Naguabo,182
Naranjito,551
Orocovis,308
Out of PR,777
Patillas,165
Penuelas,107
Ponce,776
Quebradillas,152
Rincon,157
Rio Grande,526
Sabana Grande,187
Salinas,387
San German,228
San Juan,6591
San Lorenzo,415
San Sebastian,333
Santa Isabel,160
Toa Alta,1149
Toa Baja,1127
Trujillo Alto,929
Unassigned,556
Utuado,127
Vega Alta,607
Vega Baja,844
Vieques,86
Villalba,127
Yabucoa,259
Yauco,357
Bristol,382
Kent,1796
Newport,502
Out of RI,0
Providence,17941
Unassigned,2246
Washington,753
Abbeville,530
Aiken,2619
Allendale,355
Anderson,4002
Bamberg,610
Barnwell,600
Beaufort,5403
Berkeley,5315
Calhoun,439
Charleston,15455
Cherokee,1065
Chester,1010
Chesterfield,1179
Clarendon,1067
Colleton,983
Darlington,1944
Dillon,950
Dorchester,4022
Edgefield,533
Fairfield,739
Florence,4779
Georgetown,1857
Greenville,13710
Greenwood,2138
Hampton,604
Horry,10084
Jasper,770
Kershaw,1853
Lancaster,2034
Laurens,1603
Lee,696
Lexington,6714
Marion,820
Marlboro,892
McCormick,195
Newberry,1170
Oconee,1329
Orangeburg,3031
Out of SC,0
Pickens,2720
Richland,14349
Saluda,670
Spartanburg,6352
Sumter,3118
Unassigned,0
Union,534
Williamsburg,1302
York,5096
Aurora,44
Beadle,696
Bennett,63
Bon Homme,75
Brookings,658
Brown,1017
Brule,92
Buffalo,117
Butte,74
Campbell,10
Charles Mix,139
Clark,32
Clay,531
Codington,682
Corson,81
Custer,169
Davison,200
Day,59
Deuel,75
Dewey,115
Douglas,57
Edmunds,80
Fall River,87
Faulk,58
Grant,87
Gregory,93
Haakon,17
Hamlin,79
Hand,25
Hanson,28
Harding,3
Hughes,295
Hutchinson,71
Hyde,15
Jackson,24
Jerauld,66
Jones,7
Kingsbury,41
Lake,169
Lawrence,321
Lincoln,1190
Lyman,110
Marshall,33
McCook,80
McPherson,27
Meade,444
Mellette,29
Miner,19
Minnehaha,6170
Moody,69
Oglala Lakota,219
Out of SD,0
Pennington,1960
Perkins,28
Potter,35
Roberts,148
Sanborn,18
Spink,102
Stanley,32
Sully,9
Todd,104
Tripp,88
Turner,135
Unassigned,0
Union,349
Walworth,89
Yankton,345
Ziebach,60
Anderson,1117
Bedford,1295
Benton,331
Bledsoe,844
Blount,2425
Bradley,2818
Campbell,415
Cannon,269
Carroll,816
Carter,1108
Cheatham,784
Chester,576
Claiborne,423
Clay,182
Cocke,730
Coffee,1069
Crockett,497
Cumberland,1143
Davidson,25840
DeKalb,541
Decatur,455
Dickson,1176
Dyer,1253
Fayette,1111
Fentress,422
Franklin,875
Gibson,1492
Giles,549
Grainger,346
Greene,1079
Grundy,230
Hamblen,1831
Hamilton,9033
Hancock,106
Hardeman,1513
Hardin,954
Hawkins,747
Haywood,900
Henderson,1101
Henry,594
Hickman,515
Houston,178
Humphreys,224
Jackson,302
Jefferson,1051
Johnson,635
Knox,8806
Lake,871
Lauderdale,928
Lawrence,939
Lewis,169
Lincoln,576
Loudon,1099
Macon,1007
Madison,2596
Marion,493
Marshall,698
Maury,2183
McMinn,1045
McNairy,783
Meigs,216
Monroe,994
Montgomery,2922
Moore,145
Morgan,302
Obion,1066
Out of TN,2811
Overton,673
Perry,140
Pickett,94
Polk,375
Putnam,3019
Rhea,766
Roane,828
Robertson,2151
Rutherford,8902
Scott,197
Sequatchie,219
Sevier,2500
Shelby,29800
Smith,669
Stewart,167
Sullivan,2038
Sumner,4629
Tipton,1711
Trousdale,1647
Unassigned,2803
Unicoi,274
Union,331
Van Buren,149
Warren,997
Washington,2123
Wayne,1478
Weakley,1104
White,763
Williamson,5030
Wilson,3318
Anderson,1741
Andrews,412
Angelina,2113
Aransas,316
Archer,69
Armstrong,12
Atascosa,627
Austin,484
Bailey,206
Bandera,112
Bastrop,1788
Baylor,14
Bee,1813
Bell,5306
Bexar,50760
Blanco,141
Borden,0
Bosque,294
Bowie,1244
Brazoria,10976
Brazos,6053
Brewster,214
Briscoe,12
Brooks,298
Brown,543
Burleson,326
Burnet,701
Caldwell,1488
Calhoun,626
Callahan,84
Cameron,22405
Camp,349
Carson,18
Cass,312
Castro,249
Chambers,1255
Cherokee,1522
Childress,66
Clay,76
Cochran,48
Coke,51
Coleman,67
Collin,12843
Collingsworth,18
Colorado,478
Comal,2600
Comanche,280
Concho,89
Cooke,395
Coryell,1792
Cottle,25
Crane,71
Crockett,164
Crosby,86
Culberson,51
Dallam,232
Dallas,77118
Dawson,353
DeWitt,975
Deaf Smith,855
Delta,24
Denton,11501
Dickens,48
Dimmit,195
Donley,59
Duval,419
Eastland,158
Ector,4601
Edwards,34
El Paso,22329
Ellis,4192
Erath,804
Falls,222
Fannin,656
Fayette,573
Fisher,64
Floyd,106
Foard,9
Fort Bend,15789
Franklin,130
Freestone,404
Frio,671
Gaines,313
Galveston,11402
Garza,103
Gillespie,213
Glasscock,7
Goliad,154
Gonzales,822
Gray,283
Grayson,1791
Gregg,2131
Grimes,1067
Guadalupe,1958
Hale,1797
Hall,24
Hamilton,115
Hansford,111
Hardeman,24
Hardin,1317
Harris,123264
Harrison,865
Hartley,117
Haskell,62
Hays,5736
Hemphill,73
Henderson,923
Hidalgo,30577
Hill,605
Hockley,326
Hood,882
Hopkins,322
Houston,361
Howard,619
Hudspeth,45
Hunt,1557
Hutchinson,192
Irion,10
Jack,131
Jackson,527
Jasper,459
Jeff Davis,14
Jefferson,7152
Jim Hogg,102
Jim Wells,1420
Johnson,2795
Jones,584
Karnes,754
Kaufman,3018
Kendall,202
Kenedy,7
Kent,8
Kerr,444
Kimble,16
King,0
Kinney,25
Kleberg,983
Knox,68
La Salle,360
Lamar,1046
Lamb,324
Lampasas,231
Lavaca,712
Lee,217
Leon,229
Liberty,2215
Limestone,555
Lipscomb,32
Live Oak,368
Llano,118
Loving,0
Lubbock,10237
Lynn,93
Madison,719
Marion,149
Martin,77
Mason,76
Matagorda,1022
Maverick,3535
McCulloch,139
McLennan,7428
McMullen,21
Medina,1179
Menard,26
Midland,3551
Milam,479
Mills,52
Mitchell,84
Montague,164
Montgomery,10571
Moore,1151
Morris,182
Motley,7
Nacogdoches,1513
Navarro,1224
Newton,172
Nolan,208
Nueces,19986
Ochiltree,127
Oldham,15
Orange,1905
Out of TX,0
Palo Pinto,502
Panola,367
Parker,1822
Parmer,415
Pecos,357
Polk,828
Potter,4517
Presidio,96
Rains,65
Randall,2612
Reagan,87
Real,105
Red River,158
Reeves,188
Refugio,302
Roberts,9
Robertson,292
Rockwall,1543
Runnels,244
Rusk,877
Sabine,77
San Augustine,199
San Jacinto,224
San Patricio,1415
San Saba,52
Schleicher,52
Scurry,610
Shackelford,24
Shelby,462
Sherman,60
Smith,3620
Somervell,137
Starr,3351
Stephens,129
Sterling,4
Stonewall,11
Sutton,81
Swisher,99
Tarrant,46537
Taylor,1437
Terrell,3
Terry,229
Throckmorton,7
Titus,1557
Tom Green,3549
Travis,28438
Trinity,191
Tyler,210
Unassigned,0
Upshur,375
Upton,23
Uvalde,751
Val Verde,2135
Van Zandt,568
Victoria,3996
Walker,3609
Waller,816
Ward,120
Washington,625
Webb,13128
Wharton,1317
Wheeler,46
Wichita,1613
Wilbarger,131
Willacy,1197
Williamson,8385
Wilson,572
Winkler,111
Wise,712
Wood,496
Yoakum,201
Young,266
Zapata,326
Zavala,290
Bear River,3060
Beaver,0
Box Elder,0
Cache,0
Carbon,0
Central Utah,593
Daggett,0
Davis,4649
Duchesne,0
Emery,0
Garfield,0
Grand,0
Iron,0
Juab,0
Kane,0
Millard,0
Morgan,0
Out of UT,0
Piute,0
Rich,0
Salt Lake,27842
San Juan,688
Sanpete,0
Sevier,0
Southeast Utah,173
Southwest Utah,3991
Summit,940
Tooele,806
TriCounty,227
Uintah,0
Unassigned,0
Utah,15185
Wasatch,700
Washington,0
Wayne,0
Weber,0
Weber-Morgan,3998
Addison,83
Bennington,108
Caledonia,34
Chittenden,828
Essex,6
Franklin,123
Grand Isle,14
Lamoille,53
Orange,22
Orleans,21
Out of VT,0
Rutland,128
Unassigned,8
Washington,76
Windham,123
Windsor,83
,1257
Accomack,1166
Albemarle,1175
Alexandria,3684
Alleghany,78
Amelia,123
Amherst,370
Appomattox,208
Arlington,3835
Augusta,460
Bath,6
Bedford,699
Bland,64
Botetourt,284
Bristol,175
Brunswick,344
Buchanan,125
Buckingham,676
Buena Vista,79
Campbell,400
Caroline,327
Carroll,474
Charles City,82
Charlotte,99
Charlottesville,1048
Chesapeake,4184
Chesterfield,5724
Clarke,91
Colonial Heights,242
Covington,30
Craig,28
Culpeper,1179
Cumberland,102
Danville,811
Dickenson,87
Dinwiddie,362
Emporia,246
Essex,169
Fairfax,20155
Fairfax City,134
Falls Church,68
Fauquier,901
Floyd,191
Fluvanna,358
Franklin,194
Franklin City,385
Frederick,838
Fredericksburg,525
Galax,407
Giles,83
Gloucester,226
Goochland,255
Grayson,294
Greene,209
Greensville,764
Halifax,318
Hampton,1768
Hanover,1212
Harrisonburg,2420
Henrico,5224
Henry,996
Highland,6
Hopewell,381
Isle of Wight,695
James City,824
King George,225
King William,149
King and Queen,66
Lancaster,132
Lee,258
Lexington,51
Loudoun,6633
Louisa,280
Lunenburg,110
Lynchburg,1278
Madison,102
Manassas,1877
Manassas Park,605
Martinsville,375
Mathews,35
Mecklenburg,663
Middlesex,108
Montgomery,1679
Nelson,98
New Kent,180
Newport News,2658
Norfolk,4723
Northampton,305
Northumberland,141
Norton,33
Nottoway,247
Orange,308
Out of VA,0
Page,380
Patrick,269
Petersburg,717
Pittsylvania,941
Poquoson,76
Portsmouth,2518
Powhatan,210
Prince Edward,559
Prince George,721
Prince William,12027
Pulaski,209
Radford,710
Rappahannock,65
Richmond,349
Richmond City,4468
Roanoke,774
Roanoke City,1563
Rockbridge,98
Rockingham,1352
Russell,229
Salem,259
Scott,179
Shenandoah,799
Smyth,419
Southampton,530
Spotsylvania,2076
Stafford,1934
Staunton,234
Suffolk,1889
Surry,109
Sussex,388
Tazewell,251
Unassigned,0
Virginia Beach,6620
Warren,412
Washington,533
Waynesboro,253
Westmoreland,255
Williamsburg,172
Winchester,482
Wise,388
Wythe,220
York,523
Adams,799
Asotin,83
Benton,4399
Chelan,1832
Clallam,221
Clark,2563
Columbia,14
Cowlitz,603
Douglas,1176
Ferry,29
Franklin,4176
Garfield,11
Grant,2777
Grays Harbor,419
Island,292
Jefferson,71
King,21388
Kitsap,1137
Kittitas,494
Klickitat,190
Lewis,455
Lincoln,39
Mason,367
Okanogan,1026
Out of WA,0
Pacific,80
Pend Oreille,58
Pierce,7519
San Juan,29
Skagit,1077
Skamania,60
Snohomish,6675
Spokane,6175
Stevens,146
Thurston,1023
Unassigned,292
Wahkiakum,6
Walla Walla,858
Whatcom,1252
Whitman,1128
Yakima,11260
Barbour,44
Berkeley,938
Boone,192
Braxton,10
Brooke,106
Cabell,712
Calhoun,23
Clay,34
Doddridge,18
Fayette,534
Gilmer,21
Grant,150
Greenbrier,120
Hampshire,100
Hancock,141
Hardy,80
Harrison,336
Jackson,244
Jefferson,418
Kanawha,2258
Lewis,38
Lincoln,153
Logan,565
Marion,253
Marshall,154
Mason,134
McDowell,86
Mercer,398
Mineral,163
Mingo,353
Monongalia,1867
Monroe,146
Morgan,50
Nicholas,82
Ohio,349
Out of WV,0
Pendleton,52
Pleasants,16
Pocahontas,59
Preston,149
Putnam,484
Raleigh,471
Randolph,234
Ritchie,11
Roane,47
Summers,40
Taylor,117
Tucker,16
Tyler,15
Unassigned,0
Upshur,60
Wayne,339
Webster,7
Wetzel,49
Wirt,10
Wood,347
Wyoming,96
Adams,183
Ashland,49
Barron,407
Bayfield,76
Brown,7183
Buffalo,119
Burnett,101
Calumet,819
Chippewa,456
Clark,313
Columbia,478
Crawford,135
Dane,8455
Dodge,1538
Door,220
Douglas,359
Dunn,319
Eau Claire,1476
Florence,53
Fond du Lac,1655
Forest,195
Grant,703
Green,395
Green Lake,169
Iowa,142
Iron,136
Jackson,99
Jefferson,1166
Juneau,302
Kenosha,3216
Kewaunee,350
La Crosse,2375
Lafayette,204
Langlade,120
Lincoln,127
Manitowoc,806
Marathon,976
Marinette,707
Marquette,169
Menominee,42
Milwaukee,26402
Monroe,361
Oconto,623
Oneida,312
Out of WI,0
Outagamie,3277
Ozaukee,1173
Pepin,54
Pierce,364
Polk,214
Portage,1086
Price,43
Racine,4377
Richland,85
Rock,2162
Rusk,46
Sauk,777
Sawyer,192
Shawano,470
Sheboygan,1415
St. Croix,773
Taylor,144
Trempealeau,512
Unassigned,0
Vernon,164
Vilas,157
Walworth,2374
Washburn,87
Washington,2156
Waukesha,6452
Waupaca,864
Waushara,258
Winnebago,2459
Wood,653
Albany,332
Big Horn,51
Campbell,238
Carbon,209
Converse,93
Crook,34
Fremont,658
Goshen,74
Hot Springs,37
Johnson,29
Laramie,641
Lincoln,136
Natrona,438
Niobrara,3
Out of WY,0
Park,202
Platte,19
Sheridan,234
Sublette,71
Sweetwater,322
Teton,493
Uinta,330
Unassigned,1
Washakie,113
Weston,23
